customer_id,total_spend,total_orders,days_since_last_purchase,customer_status
12346.0,77183.6,1,325,At-Risk VIP
15749.0,44534.3,3,234,At-Risk VIP
15098.0,39916.5,3,181,At-Risk VIP
16180.0,10254.18,8,99,At-Risk VIP
12590.0,9864.26,2,210,At-Risk VIP
13093.0,7832.47,8,275,At-Risk VIP
12980.0,7374.9,9,157,At-Risk VIP
13027.0,6912.0,6,113,At-Risk VIP
16553.0,5719.82,12,162,At-Risk VIP
17850.0,5391.21,34,371,At-Risk VIP
15032.0,4959.1,3,255,At-Risk VIP
12688.0,4873.81,1,113,At-Risk VIP
13802.0,4599.42,3,138,At-Risk VIP
14016.0,4341.21,4,161,At-Risk VIP
18087.0,4055.72,2,97,At-Risk VIP
12378.0,4008.62,1,129,At-Risk VIP
18073.0,3877.52,12,113,At-Risk VIP
12755.0,3811.95,2,280,At-Risk VIP
15808.0,3734.97,4,305,At-Risk VIP
12502.0,3723.87,5,95,At-Risk VIP
14364.0,3717.35,8,108,At-Risk VIP
15379.0,3703.29,7,168,At-Risk VIP
15581.0,3679.97,13,120,At-Risk VIP
17230.0,3638.41,8,263,At-Risk VIP
13082.0,3613.63,9,125,At-Risk VIP
12643.0,3344.64,6,127,At-Risk VIP
17723.0,3276.4,6,126,At-Risk VIP
13952.0,3251.07,2,217,At-Risk VIP
17050.0,3228.84,6,95,At-Risk VIP
13869.0,3104.95,4,122,At-Risk VIP
15491.0,3100.09,6,94,At-Risk VIP
14565.0,3099.12,4,95,At-Risk VIP
13135.0,3096.0,1,196,At-Risk VIP
13631.0,3070.42,11,99,At-Risk VIP
12754.0,3010.74,3,235,At-Risk VIP
12916.0,3006.15,4,138,At-Risk VIP
17504.0,2997.03,9,205,At-Risk VIP
17444.0,2940.04,3,147,At-Risk VIP
12758.0,2791.59,2,116,At-Risk VIP
12669.0,2744.03,3,150,At-Risk VIP
12840.0,2726.77,4,143,At-Risk VIP
12625.0,2683.82,2,211,At-Risk VIP
14439.0,2661.24,1,319,At-Risk VIP
13851.0,2651.46,3,95,At-Risk VIP
18260.0,2643.2,6,172,At-Risk VIP
16919.0,2596.45,11,155,At-Risk VIP
15245.0,2515.84,3,133,At-Risk VIP
17722.0,2424.04,4,95,At-Risk VIP
13722.0,2375.41,3,131,At-Risk VIP
14930.0,2372.86,3,108,At-Risk VIP
16550.0,2298.97,5,108,At-Risk VIP
15704.0,2293.62,4,139,At-Risk VIP
15235.0,2247.51,12,217,At-Risk VIP
15665.0,2242.01,2,167,At-Risk VIP
12653.0,2209.85,2,148,At-Risk VIP
15797.0,2207.4,4,112,At-Risk VIP
17406.0,2200.42,3,332,At-Risk VIP
12501.0,2169.39,1,336,At-Risk VIP
16456.0,2158.37,5,98,At-Risk VIP
14407.0,2157.73,6,106,At-Risk VIP
14828.0,2139.76,3,196,At-Risk VIP
17400.0,2129.96,5,125,At-Risk VIP
18093.0,2106.52,4,92,At-Risk VIP
14461.0,2103.06,3,147,At-Risk VIP
18231.0,2083.27,5,191,At-Risk VIP
17597.0,2044.37,1,213,At-Risk VIP
12585.0,2040.1,2,233,At-Risk VIP
13593.0,2037.08,5,107,At-Risk VIP
17337.0,2027.87,4,150,At-Risk VIP
15372.0,2007.4,1,136,At-Risk VIP
16754.0,2002.4,1,371,At-Risk VIP
16698.0,1998.0,2,226,At-Risk VIP
12853.0,1957.1,6,134,At-Risk VIP
14472.0,1936.84,8,103,At-Risk VIP
14210.0,1905.84,6,105,At-Risk VIP
15641.0,1887.2,4,104,At-Risk VIP
17787.0,1865.19,4,152,At-Risk VIP
12383.0,1850.56,5,184,At-Risk VIP
14459.0,1837.92,1,154,At-Risk VIP
16152.0,1829.04,1,268,At-Risk VIP
15260.0,1810.77,7,99,At-Risk VIP
15812.0,1801.14,5,106,At-Risk VIP
14935.0,1784.71,1,296,At-Risk VIP
12424.0,1760.96,2,162,At-Risk VIP
13564.0,1749.02,3,143,At-Risk VIP
17353.0,1740.0,2,128,At-Risk VIP
17457.0,1737.7,5,126,At-Risk VIP
12405.0,1710.39,1,148,At-Risk VIP
16902.0,1706.88,1,115,At-Risk VIP
16398.0,1705.8,2,153,At-Risk VIP
17282.0,1703.41,3,129,At-Risk VIP
12764.0,1693.88,1,316,At-Risk VIP
14245.0,1693.45,2,219,At-Risk VIP
17152.0,1689.5,3,194,At-Risk VIP
13162.0,1688.29,4,121,At-Risk VIP
15332.0,1661.06,4,365,At-Risk VIP
12967.0,1660.9,2,357,At-Risk VIP
14045.0,1659.75,4,108,At-Risk VIP
14573.0,1653.42,9,179,At-Risk VIP
15002.0,1641.76,4,115,At-Risk VIP
15122.0,1633.78,3,113,At-Risk VIP
12377.0,1628.12,2,314,At-Risk VIP
13425.0,1624.21,3,107,At-Risk VIP
16801.0,1619.73,4,162,At-Risk VIP
14918.0,1610.15,2,115,At-Risk VIP
12868.0,1607.06,6,185,At-Risk VIP
12947.0,1603.99,6,143,At-Risk VIP
13850.0,1595.48,1,128,At-Risk VIP
18178.0,1590.81,4,128,At-Risk VIP
14442.0,1589.82,2,204,At-Risk VIP
13814.0,1579.12,2,91,At-Risk VIP
16889.0,1578.67,3,194,At-Risk VIP
13659.0,1573.2,2,205,At-Risk VIP
17085.0,1566.65,5,122,At-Risk VIP
17204.0,1564.56,4,174,At-Risk VIP
18239.0,1561.61,5,218,At-Risk VIP
12818.0,1542.08,1,261,At-Risk VIP
15625.0,1534.26,4,103,At-Risk VIP
16244.0,1522.75,2,211,At-Risk VIP
14267.0,1516.24,3,162,At-Risk VIP
13791.0,1516.0,2,127,At-Risk VIP
15265.0,1506.12,2,150,At-Risk VIP
14414.0,1496.98,7,91,At-Risk VIP
16755.0,1496.83,3,113,At-Risk VIP
15057.0,1489.5,2,274,At-Risk VIP
17553.0,1487.6,1,129,At-Risk VIP
14758.0,1484.06,4,144,At-Risk VIP
14403.0,1475.81,4,129,At-Risk VIP
14246.0,1474.06,3,110,At-Risk VIP
14875.0,1465.32,2,107,At-Risk VIP
14740.0,1448.21,3,196,At-Risk VIP
14566.0,1432.0,1,110,At-Risk VIP
16503.0,1431.93,4,106,At-Risk VIP
13475.0,1431.78,4,190,At-Risk VIP
15596.0,1406.59,5,100,At-Risk VIP
17083.0,1405.78,3,108,At-Risk VIP
18202.0,1396.99,3,199,At-Risk VIP
13414.0,1390.5,3,133,At-Risk VIP
13572.0,1384.25,1,205,At-Risk VIP
15569.0,1375.71,5,103,At-Risk VIP
15095.0,1370.6,4,103,At-Risk VIP
12770.0,1351.45,1,210,At-Risk VIP
14154.0,1345.62,2,238,At-Risk VIP
16317.0,1341.65,3,119,At-Risk VIP
16045.0,1340.7,4,119,At-Risk VIP
13501.0,1340.32,1,287,At-Risk VIP
15734.0,1339.45,2,114,At-Risk VIP
15146.0,1327.16,2,164,At-Risk VIP
16083.0,1317.62,2,100,At-Risk VIP
14973.0,1314.45,3,106,At-Risk VIP
13328.0,1308.48,1,315,At-Risk VIP
12507.0,1304.81,3,133,At-Risk VIP
15813.0,1303.91,2,207,At-Risk VIP
15108.0,1300.25,4,141,At-Risk VIP
15171.0,1289.5,1,330,At-Risk VIP
16951.0,1277.75,3,134,At-Risk VIP
16692.0,1276.0,2,255,At-Risk VIP
14669.0,1269.99,3,241,At-Risk VIP
13492.0,1269.84,3,135,At-Risk VIP
14105.0,1266.23,1,238,At-Risk VIP
16842.0,1264.19,3,100,At-Risk VIP
13151.0,1257.87,1,295,At-Risk VIP
13848.0,1255.0,3,91,At-Risk VIP
15004.0,1246.32,1,146,At-Risk VIP
17588.0,1240.2,3,99,At-Risk VIP
13476.0,1238.47,2,178,At-Risk VIP
13931.0,1237.53,2,95,At-Risk VIP
17774.0,1225.41,4,96,At-Risk VIP
14745.0,1220.26,5,112,At-Risk VIP
13158.0,1201.06,4,94,At-Risk VIP
17320.0,1200.62,3,99,At-Risk VIP
13752.0,1186.28,6,123,At-Risk VIP
18168.0,1169.94,6,175,At-Risk VIP
16714.0,1161.53,3,218,At-Risk VIP
13744.0,1156.36,2,94,At-Risk VIP
12710.0,1149.02,3,96,At-Risk VIP
17505.0,1145.84,2,161,At-Risk VIP
16766.0,1145.6,2,272,At-Risk VIP
12769.0,1143.6,1,238,At-Risk VIP
17770.0,1143.27,5,198,At-Risk VIP
15985.0,1142.42,2,122,At-Risk VIP
16270.0,1141.24,1,352,At-Risk VIP
13330.0,1140.93,3,92,At-Risk VIP
13819.0,1140.35,3,301,At-Risk VIP
16172.0,1140.21,5,94,At-Risk VIP
17242.0,1135.04,2,107,At-Risk VIP
17585.0,1133.07,4,108,At-Risk VIP
16807.0,1121.59,3,142,At-Risk VIP
14276.0,1119.74,3,98,At-Risk VIP
15716.0,1118.81,4,145,At-Risk VIP
14161.0,1110.52,3,215,At-Risk VIP
14817.0,1110.34,2,199,At-Risk VIP
15069.0,1109.53,1,178,At-Risk VIP
12399.0,1108.65,4,118,At-Risk VIP
12857.0,1106.4,2,210,At-Risk VIP
14410.0,1105.07,9,91,At-Risk VIP
12534.0,1089.18,1,130,At-Risk VIP
12354.0,1079.4,1,231,At-Risk VIP
13715.0,1079.34,5,280,At-Risk VIP
14352.0,1078.96,4,156,At-Risk VIP
16980.0,1078.96,2,254,At-Risk VIP
17277.0,1065.35,2,227,At-Risk VIP
12815.0,1063.46,2,147,At-Risk VIP
14411.0,1063.0,1,310,At-Risk VIP
16214.0,1062.75,3,170,At-Risk VIP
14465.0,1058.62,3,246,At-Risk VIP
14224.0,1050.12,4,109,At-Risk VIP
14078.0,1049.37,6,101,At-Risk VIP
15464.0,1048.85,1,337,At-Risk VIP
15777.0,1047.11,4,240,At-Risk VIP
16520.0,1046.57,3,185,At-Risk VIP
15192.0,1044.32,3,119,At-Risk VIP
14584.0,1042.26,4,168,At-Risk VIP
16320.0,1038.46,2,171,At-Risk VIP
16175.0,1037.59,4,93,At-Risk VIP
13235.0,1031.07,1,211,At-Risk VIP
12717.0,1030.98,2,150,At-Risk VIP
13253.0,1030.4,2,156,At-Risk VIP
15333.0,1028.56,1,207,At-Risk VIP
15104.0,1027.44,2,196,At-Risk VIP
15658.0,1024.1,5,189,At-Risk VIP
14346.0,1021.58,2,120,At-Risk VIP
13376.0,1019.76,3,98,At-Risk VIP
18142.0,1019.52,2,156,At-Risk VIP
12514.0,1017.68,1,266,At-Risk VIP
14195.0,1012.0,2,201,At-Risk VIP
16572.0,1009.6,3,126,At-Risk VIP
16174.0,1009.55,3,125,At-Risk VIP
17646.0,1008.39,3,218,At-Risk VIP
17126.0,1004.75,5,151,At-Risk VIP
15508.0,1000.27,6,188,At-Risk VIP
18143.0,1000.16,2,116,At-Risk VIP
